,,,,,,,,,,,,,,,Date From:,Oct-3
,,,,,,,,,,,,,,,Date To:,Oct-3
,,,,,,,,,,,,,,,← Change dates to refresh the report,
ESP,Domain,Delivered,Soft Bounce,Hard Bounce,Open,Open Rate,Click,Click-to-open Rate,Click Rate,Complaint,Unsubscribe/Blocked,Registration,Players,Throttling (emails per domain per hour),,
MLJ (Mailjet),,,,,,,,,,,,,,,,
IP 1,,,,,,,,,,,,,,,,
,Hotmail,92,0,0,11,11.96%,0,0.00%,0.00%,0,0,,,,,
,Outlook,73,0,0,3,4.11%,1,33.33%,1.37%,0,0,,,,,
,Gmail,"4,381",10,1,472,10.77%,10,2.12%,0.23%,0,0,4,1,,,
,Yahoo,292,0,0,2,0.68%,0,0.00%,0.00%,0,0,,,,,
,Aol,32,0,0,0,0.00%,0,0.00%,0.00%,0,0,,,,,
,iCloud,98,4,0,2,2.04%,1,50.00%,1.02%,0,0,,,,,
,Other,27,0,0,0,0.00%,0,0.00%,0.00%,0,0,,,,,
,TOTAL,"4,995",14,1,490,9.81%,12,2.45%,0.24%,0,0,4,1,,,
IP 2,,,,,,,,,,,,,,,,
,Hotmail,0,0,0,0,0.00%,0,0.00%,0.00%,0,0,,,,,
,Outlook,0,0,0,0,0.00%,0,0.00%,0.00%,0,0,,,,,
,Gmail,0,0,0,0,0.00%,0,0.00%,0.00%,0,0,1,,,,
,Yahoo,0,0,0,0,0.00%,0,0.00%,0.00%,0,0,,,,,
,Aol,0,0,0,0,0.00%,0,0.00%,0.00%,0,0,,,,,
,iCloud,0,0,0,0,0.00%,0,0.00%,0.00%,0,0,,,,,
,Other,0,0,0,0,0.00%,0,0.00%,0.00%,0,0,,,,,
,TOTAL,0,0,0,0,0.00%,0,0.00%,0.00%,0,0,1,0,,,
IP 3 / SH,,,,,,,,,,,,,,,,
,Hotmail,0,0,0,0,0.00%,0,0.00%,0.00%,0,0,,,,,
,Outlook,0,0,0,0,0.00%,0,0.00%,0.00%,0,0,,,,,
,Gmail,0,0,0,0,0.00%,0,0.00%,0.00%,0,0,1,,,,
,Yahoo,0,0,0,0,0.00%,0,0.00%,0.00%,0,0,,,,,
,Aol,0,0,0,0,0.00%,0,0.00%,0.00%,0,0,,,,,
,iCloud,0,0,0,0,0.00%,0,0.00%,0.00%,0,0,,,,,
,Other,0,0,0,0,0.00%,0,0.00%,0.00%,0,0,,,,,
,TOTAL,0,0,0,0,0.00%,0,0.00%,0.00%,0,0,1,0,,,
,,,,,,,,,,,,,,,,
SEG (Sendgrid),,,,,,,,,,,,,,,,
IP 1,,,,,,,,,,,,,,,,
,Outlook,209,0,0,14,6.70%,2,14.29%,0.96%,0,0,,,,,
,Hotmail,0,0,0,0,0.00%,0,0.00%,0.00%,0,0,,,,,
,Gmail,"7,456",0,3,144,1.93%,39,27.08%,0.52%,0,0,3,,,,
,Yahoo,556,0,0,47,8.45%,4,8.51%,0.72%,0,0,,,,,
,iCloud,222,0,0,47,21.17%,5,10.64%,2.25%,0,0,,,,,
,Aol,0,0,0,0,0.00%,0,0.00%,0.00%,0,0,,,,,
,Other,35,0,0,6,17.14%,0,0.00%,0.00%,0,0,,,,,
,TOTAL,"8,478",0,3,258,3.04%,50,19.38%,0.59%,0,0,3,0,,,
IP 2 / SH,,,,,,,,,,,,,,,,
,Outlook,177,0,0,7,3.95%,0,0.00%,0.00%,0,0,,,,,
,Hotmail,0,0,0,0,0.00%,0,0.00%,0.00%,0,0,,,,,
,Gmail,"6,174",0,1,132,2.14%,13,9.85%,0.21%,0,0,95,4,,,
,Yahoo,447,0,0,27,6.04%,5,18.52%,1.12%,0,0,,,,,
,iCloud,141,0,0,5,3.55%,2,40.00%,1.42%,0,0,,,,,
,Aol,0,0,0,0,0.00%,0,0.00%,0.00%,0,0,,,,,
,Other,34,0,0,1,2.94%,0,0.00%,0.00%,0,0,,,,,
,TOTAL,"6,973",0,1,172,2.47%,20,11.63%,0.29%,0,0,95,4,,,
,,,,,,,,,,,,,,,,
CAM (Campaigner),,,,,,,,,,,,,,,,
IP 1,,,,,,,,,,,,,,,,
,Hotmail,0,0,0,0,0.00%,0,0.00%,0.00%,0,0,,,,,
,Outlook,0,0,0,0,0.00%,0,0.00%,0.00%,0,0,,,,,
,Gmail,0,0,0,0,0.00%,0,0.00%,0.00%,0,0,,,,,
,Yahoo,0,0,0,0,0.00%,0,0.00%,0.00%,0,0,,,,,
,Aol,0,0,0,0,0.00%,0,0.00%,0.00%,0,0,,,,,
,iCloud,0,0,0,0,0.00%,0,0.00%,0.00%,0,0,,,,,
,Other,0,0,0,0,0.00%,0,0.00%,0.00%,0,0,,,,,
,TOTAL,0,0,0,0,0.00%,0,0.00%,0.00%,0,0,,,,,
,,,,,,,,,,,,,,,,
SMPT,,,,,,,,,,,,,,,,
IP 1,,,,,,,,,,,,,,,,
,Hotmail,0,0,0,0,0.00%,0,0.00%,0.00%,0,0,,,,,
,Outlook,0,0,0,0,0.00%,0,0.00%,0.00%,0,0,,,,,
,Gmail,0,0,0,0,0.00%,0,0.00%,0.00%,0,0,,,,,
,Yahoo,0,0,0,0,0.00%,0,0.00%,0.00%,0,0,,,,,
,Aol,0,0,0,0,0.00%,0,0.00%,0.00%,0,0,,,,,
,iCloud,0,0,0,0,0.00%,0,0.00%,0.00%,0,0,,,,,
,Other,0,0,0,0,0.00%,0,0.00%,0.00%,0,0,,,,,
,TOTAL,0,0,0,0,0.00%,0,0.00%,0.00%,0,0,,,,,
IP 2,,,,,,,,,,,,,,,,
,Hotmail,0,0,0,0,0.00%,0,0.00%,0.00%,0,0,,,,,
,Outlook,0,0,0,0,0.00%,0,0.00%,0.00%,0,0,,,,,
,Gmail,0,0,0,0,0.00%,0,0.00%,0.00%,0,0,,,,,
,Yahoo,0,0,0,0,0.00%,0,0.00%,0.00%,0,0,,,,,
,Aol,0,0,0,0,0.00%,0,0.00%,0.00%,0,0,,,,,
,iCloud,0,0,0,0,0.00%,0,0.00%,0.00%,0,0,,,,,
,Other,0,0,0,0,0.00%,0,0.00%,0.00%,0,0,,,,,
,TOTAL,0,0,0,0,0.00%,0,0.00%,0.00%,0,0,,,,,
IP 3,,,,,,,,,,,,,,,,
,Hotmail,0,0,0,0,0.00%,0,0.00%,0.00%,0,0,,,,,
,Outlook,0,0,0,0,0.00%,0,0.00%,0.00%,0,0,,,,,
,Gmail,0,0,0,0,0.00%,0,0.00%,0.00%,0,0,,,,,
,Yahoo,0,0,0,0,0.00%,0,0.00%,0.00%,0,0,,,,,
,Aol,0,0,0,0,0.00%,0,0.00%,0.00%,0,0,,,,,
,iCloud,0,0,0,0,0.00%,0,0.00%,0.00%,0,0,,,,,
,Other,0,0,0,0,0.00%,0,0.00%,0.00%,0,0,,,,,
,TOTAL,0,0,0,0,0.00%,0,0.00%,0.00%,0,0,,,,,
,,,,,,,,,,,,,,,,
GRAND TOTAL,,"20,446",14,5,920,4.50%,82,8.91%,0.40%,0,0,104,5,,,