,,,,,,,,,,,,,,,Date From:,Sep-3
,,,,,,,,,,,,,,,Date To:,Sep-3
,,,,,,,,,,,,,,,← Change dates to refresh the report,
ESP,Domain,Delivered,Soft Bounce,Hard Bounce,Open,Open Rate,Click,Click-to-open Rate,Click Rate,Complaint,Unsubscribe/Blocked,Registration,Players,Throttling (emails per domain per hour),,
MLJ (Mailjet),,,,,,,,,,,,,,,,
IP 1,,,,,,,,,,,,,,,,
,Hotmail,3,0,0,0,0.00%,0,0.00%,0.00%,0,0,,,,,
,Outlook,5,0,0,0,0.00%,0,0.00%,0.00%,0,0,,,,,
,Gmail,409,2,1,2,0.49%,1,50.00%,0.24%,0,0,4,1,,,
,Yahoo,62,0,0,0,0.00%,0,0.00%,0.00%,0,0,,,,,
,Aol,3,0,0,0,0.00%,0,0.00%,0.00%,0,0,,,,,
,iCloud,18,0,0,1,5.56%,1,100.00%,5.56%,0,0,,,,,
,Other,5,0,0,1,20.00%,0,0.00%,0.00%,0,0,,,,,
,TOTAL,505,2,1,4,0.79%,2,50.00%,0.40%,0,0,4,1,,,
IP 2,,,,,,,,,,,,,,,,
,Hotmail,3,0,0,0,0.00%,0,0.00%,0.00%,0,0,,,,,
,Outlook,5,0,0,0,0.00%,0,0.00%,0.00%,0,0,,,,,
,Gmail,409,2,1,5,1.22%,3,60.00%,0.73%,0,0,1,,,,
,Yahoo,62,0,0,3,4.84%,3,100.00%,4.84%,0,0,,,,,
,Aol,3,0,0,0,0.00%,0,0.00%,0.00%,0,0,,,,,
,iCloud,18,0,0,1,5.56%,1,100.00%,5.56%,0,0,,,,,
,Other,5,0,0,0,0.00%,0,0.00%,0.00%,0,0,,,,,
,TOTAL,505,2,1,9,1.78%,7,77.78%,1.39%,0,0,1,0,,,
IP 3 / SH,,,,,,,,,,,,,,,,
,Hotmail,25,0,0,0,0.00%,0,0.00%,0.00%,0,0,,,,,
,Outlook,32,0,0,0,0.00%,0,0.00%,0.00%,0,0,,,,,
,Gmail,"2,176",9,0,24,1.10%,2,8.33%,0.09%,0,3,1,,,,
,Yahoo,148,1,0,2,1.35%,0,0.00%,0.00%,0,0,,,,,
,Aol,19,0,0,0,0.00%,0,0.00%,0.00%,0,0,,,,,
,iCloud,62,1,0,3,4.84%,0,0.00%,0.00%,0,0,,,,,
,Other,14,1,0,1,7.14%,0,0.00%,0.00%,0,0,,,,,
,TOTAL,"2,476",12,0,30,1.21%,2,6.67%,0.08%,0,3,1,0,,,
,,,,,,,,,,,,,,,,
SEG (Sendgrid),,,,,,,,,,,,,,,,
IP 1,,,,,,,,,,,,,,,,
,Outlook,54,0,2,1,1.85%,0,0.00%,0.00%,0,0,,,,,
,Hotmail,0,0,0,0,0.00%,0,0.00%,0.00%,0,0,,,,,
,Gmail,"2,056",0,8,54,2.63%,42,77.78%,2.04%,0,0,3,,,,
,Yahoo,141,0,13,19,13.48%,3,15.79%,2.13%,0,0,,,,,
,iCloud,38,0,0,11,28.95%,1,9.09%,2.63%,0,0,,,,,
,Aol,0,0,0,0,0.00%,0,0.00%,0.00%,0,0,,,,,
,Other,977,0,11,1,0.10%,0,0.00%,0.00%,0,0,,,,,
,TOTAL,"3,266",0,34,86,2.63%,46,53.49%,1.41%,0,0,3,0,,,
IP 2 / SH,,,,,,,,,,,,,,,,
,Outlook,129,0,0,11,8.53%,0,0.00%,0.00%,0,0,,,,,
,Hotmail,0,0,0,0,0.00%,0,0.00%,0.00%,0,0,,,,,
,Gmail,"4,346",0,0,143,3.29%,52,36.36%,1.20%,0,0,95,4,,,
,Yahoo,370,0,0,16,4.32%,9,56.25%,2.43%,0,0,,,,,
,iCloud,135,0,0,20,14.81%,7,35.00%,5.19%,0,0,,,,,
,Aol,0,0,0,0,0.00%,0,0.00%,0.00%,0,0,,,,,
,Other,"1,325",0,0,12,0.91%,12,100.00%,0.91%,0,0,,,,,
,TOTAL,"6,305",0,0,202,3.20%,80,39.60%,1.27%,0,0,95,4,,,
,,,,,,,,,,,,,,,,
CAM (Campaigner),,,,,,,,,,,,,,,,
IP 1,,,,,,,,,,,,,,,,
,Hotmail,0,0,0,0,0.00%,0,0.00%,0.00%,0,0,,,,,
,Outlook,0,0,0,0,0.00%,0,0.00%,0.00%,0,0,,,,,
,Gmail,0,0,0,0,0.00%,0,0.00%,0.00%,0,0,,,,,
,Yahoo,0,0,0,0,0.00%,0,0.00%,0.00%,0,0,,,,,
,Aol,0,0,0,0,0.00%,0,0.00%,0.00%,0,0,,,,,
,iCloud,0,0,0,0,0.00%,0,0.00%,0.00%,0,0,,,,,
,Other,0,0,0,0,0.00%,0,0.00%,0.00%,0,0,,,,,
,TOTAL,0,0,0,0,0.00%,0,0.00%,0.00%,0,0,,,,,
,,,,,,,,,,,,,,,,
SMPT,,,,,,,,,,,,,,,,
IP 1,,,,,,,,,,,,,,,,
,Hotmail,0,0,0,0,0.00%,0,0.00%,0.00%,0,0,,,,,
,Outlook,0,0,0,0,0.00%,0,0.00%,0.00%,0,0,,,,,
,Gmail,0,0,0,0,0.00%,0,0.00%,0.00%,0,0,,,,,
,Yahoo,0,0,0,0,0.00%,0,0.00%,0.00%,0,0,,,,,
,Aol,0,0,0,0,0.00%,0,0.00%,0.00%,0,0,,,,,
,iCloud,0,0,0,0,0.00%,0,0.00%,0.00%,0,0,,,,,
,Other,0,0,0,0,0.00%,0,0.00%,0.00%,0,0,,,,,
,TOTAL,0,0,0,0,0.00%,0,0.00%,0.00%,0,0,,,,,
IP 2,,,,,,,,,,,,,,,,
,Hotmail,0,0,0,0,0.00%,0,0.00%,0.00%,0,0,,,,,
,Outlook,0,0,0,0,0.00%,0,0.00%,0.00%,0,0,,,,,
,Gmail,0,0,0,0,0.00%,0,0.00%,0.00%,0,0,,,,,
,Yahoo,0,0,0,0,0.00%,0,0.00%,0.00%,0,0,,,,,
,Aol,0,0,0,0,0.00%,0,0.00%,0.00%,0,0,,,,,
,iCloud,0,0,0,0,0.00%,0,0.00%,0.00%,0,0,,,,,
,Other,0,0,0,0,0.00%,0,0.00%,0.00%,0,0,,,,,
,TOTAL,0,0,0,0,0.00%,0,0.00%,0.00%,0,0,,,,,
IP 3,,,,,,,,,,,,,,,,
,Hotmail,0,0,0,0,0.00%,0,0.00%,0.00%,0,0,,,,,
,Outlook,0,0,0,0,0.00%,0,0.00%,0.00%,0,0,,,,,
,Gmail,0,0,0,0,0.00%,0,0.00%,0.00%,0,0,,,,,
,Yahoo,0,0,0,0,0.00%,0,0.00%,0.00%,0,0,,,,,
,Aol,0,0,0,0,0.00%,0,0.00%,0.00%,0,0,,,,,
,iCloud,0,0,0,0,0.00%,0,0.00%,0.00%,0,0,,,,,
,Other,0,0,0,0,0.00%,0,0.00%,0.00%,0,0,,,,,
,TOTAL,0,0,0,0,0.00%,0,0.00%,0.00%,0,0,,,,,
,,,,,,,,,,,,,,,,
GRAND TOTAL,,"13,057",16,36,331,2.54%,137,41.39%,1.05%,0,3,104,5,,,